<?xml version="1.0" encoding="UTF-8"?>
<emitter imageName="" name="Flame">
  <spawnInterval enabled="false" max="1000.0" min="1000.0"/>
  <spawnCount enabled="true" max="50.0" min="50.0"/>
  <initialLife enabled="false" max="1000.0" min="1000.0"/>
  <initialSize enabled="true" max="25.0" min="25.0"/>
  <xOffset enabled="true" max="8.0" min="-8.0"/>
  <yOffset enabled="true" max="115.0" min="18.0"/>
  <initialDistance enabled="false" max="0.0" min="0.0"/>
  <speed enabled="true" max="1000.0" min="500.0"/>
  <length enabled="false" max="10000.0" min="10000.0"/>
  <spread value="12.0"/>
  <angularOffset value="0.0"/>
  <growthFactor value="50.0"/>
  <gravityFactor value="0.0"/>
  <startAlpha value="255.0"/>
  <endAlpha value="0.0"/>
  <color>
    <step b="1.0" g="1.0" offset="0.0" r="1.0"/>
    <step b="0.0" g="1.0" offset="0.336" r="1.0"/>
    <step b="0.0" g="0.0" offset="1.0" r="1.0"/>
  </color>
</emitter>
